name,slug,old_image
Ford,ford,/upload/iblock/13a/v9g8z9aillxpa5s1imqoh5uudvcgrsyu.PNG
Масла и автохимия,masla_i_avtokhimiya,/upload/iblock/983/rbuyahp0n45h4mo0twtgpbdv4ppg15zx/Снимок.PNG
Кузов,kuzov-ford,/upload/iblock/eb0/a7whmp91qy522054431cyx4dcb1ffcus.PNG
Двигатель,dvigatel-ford,/upload/iblock/62b/iuf1syct13rhi50he2p4x3ns0688u5rb.png
Аксессуары,aksessuary-ford,/upload/iblock/4ac/eo5pnechgqjs39tiqk71bruzl5zyqifl.PNG
Система выхлопная и Турбины,sistema-vyhlopnaya-i-turbiny-ford,/upload/iblock/65b/xkh1awpw1dlkna93chdivy7pe052l7y6.PNG
Подвеска,podveska-ford,/upload/iblock/ef3/lke05y6nond3gcnsle9xd2q4swb2xi3p.PNG
Полукольца коленвала,polukolca-kolenvala-dvigatel-ford,/upload/iblock/1bd/17v2do3px7367ok0ddt1qqlthzxublyb.png
Бампера и их части,bampera-i-ih-chasti-kuzov-ford,/upload/iblock/0a1/e8qnefdl1n00smopc21fk66s74np64oj.PNG
Система охлаждения,sistema-ohlazhdeniya-ford,/upload/iblock/b36/3x283iz4lbl98hfjum2sr1fup979ghnr.PNG
Рулевое управление,rulevoe-upravlenie-ford,/upload/iblock/af1/mlo1135rjsuqv24ijzv18801snshs6ca.PNG
Система зажигания и управ-я,sistema-zazhiganiya-i-uprav-ya-ford,/upload/iblock/da3/tkw3vi1jlgxdxrwb0p35l1ipbdlfopm9.PNG
Стартеры и их компоненты,startery-i-ih-komponenty-ford,/upload/iblock/deb/2jk27o1ymwwo1fc0tzllhi184iix2o0v.PNG
Колеса,kolesa-ford,/upload/iblock/619/7s44rkdn1v0h0njquwe90pjyma8pbd46.PNG
Система тормозная,sistema-tormoznaya-ford,/upload/iblock/68e/ug1toh7bqcxmvezcg82ozdy2s3zte2p8.PNG
Бендиксы стартера,bendiksy-startera-startery-i-ih-komponenty-ford,/upload/iblock/ab7/towg6flywqdjyb4h4vy7y9spvcyms9hj.PNG
КПП ручная и автоматическая,kpp-ruchnaya-i-avtomaticheskaya-ford,/upload/iblock/f79/vkmipce0ynbmq18cjmfmook8w8owz898.PNG
Вкладыши коленвала,vkladyshi-kolenvala-dvigatel-ford,/upload/iblock/bdc/1g10b5z2xk6lqc0ua0iih9fedt2b55ag.png
Вкладыши распредвала,vkladyshi-raspredvala-dvigatel-ford,/upload/iblock/62b/iuf1syct13rhi50he2p4x3ns0688u5rb.png
Фильтры,filtry-ford,/upload/iblock/e67/ib6btlm17dy7fesheum3lmnrsnj4z3q7.png
Водяная помпа / прокладки водяной помпы,vodyanaya-pompa---prokladki-vodyanoy-pompy-sistema-ohlazhdeniya-ford,/upload/iblock/322/gtnixueum3b2opdbwqshj4viy6hjslr8/загружено (1).jpg
Воздушные фильтра,vozdushnye-filtra-filtry-ford,/upload/iblock/518/enjv0xyug2fmaqchfzsm9bzlj61vvc7h/toplivnuy.jpg
Втулка поршневого пальца / палец поршня,vtulka-porshnevogo-palca-dvigatel-ford,/upload/iblock/30d/x6tf9c4iy3bnjablypsbpj48ol5tr1dd.png
Втулки / подшипники стартера,vtulki---podshipniki-startera-startery-i-ih-komponenty-ford,/upload/iblock/735/q8u0qm6x5j5asb2yrqb3hjhyjxy5x53e.PNG
Втягивающая катушка,vtyagivayuschaya-katushka-startery-i-ih-komponenty-ford,/upload/iblock/fda/g43xeu2z14yndfhu85ojt4q71rhk6qis.PNG
Сцепление,sceplenie-ford,/upload/iblock/72f/ihzz2seihlpibgr6dley1eq8tsu1c1qt.PNG
Электрооборудование,elektrooborudovanie-ford,/upload/iblock/f42/rl8be0o3mmipdcvn2owatz1l47opw2ec.PNG
Генераторы и их компоненты,generatory-i-ih-komponenty-ford,/upload/iblock/b9c/ziq173396tc23hvbzf020ax4fq6hu22w.PNG
Выжимной подшипник,vyzhimnoy-podshipnik-sceplenie-ford,/upload/iblock/dd8/pc05e448z0yaq90c54qoumjeelshlk6f.PNG
Гильзы,gilzy-dvigatel-ford,/upload/iblock/f23/pd25eoimi17b01fpem8jsfwkqkugk8rx.png
Главные цилиндры сцепления,glavnye-cilindry-scepleniya-sceplenie-ford,/upload/iblock/3e4/dnf4i4z8k3j1bxj83y5yxslov0fogkbj.PNG
Головка блока,golovka-bloka-dvigatel-ford,/upload/iblock/03c/mx2f3uxbt21bznsaoxaceg6lgga0xeln.png
Система топливная,sistema-toplivnaya-ford,/upload/iblock/b6a/l5v2h0rsfnw11asi9jwmdn4ytdgykn3p/Топливная_система.jpg
Датчик дроссельной заслонки,datchik-drosselnoy-zaslonki-sistema-toplivnaya-ford,/upload/iblock/1e0/tesf7i8txlbmlukgafg32d3l3k372xse/1150363_1.jpg
Двери и сопутствующие детали,dveri-i-soputstvuyuschie-detali-kuzov-ford,/upload/iblock/34d/1egwep5uf0e1swqjezyzl3es3jgp5jvx.png
"Дефлектор капота, окон (Тюнинг)",deflektor-kapota--okon--tyuning-kuzov-ford,/upload/iblock/36c/31pivc4ak88x0viozxzg0ng49qnst400.PNG
Диски сцепления,diski-scepleniya-sceplenie-ford,/upload/iblock/e84/xjjb0qx5q19yqfxzf4qwqt66qhwvq0nd.PNG
Оптика,optika-ford,/upload/iblock/3bb/wi5n804o3qdhwgfp09ll3eeh75ldlzh4.PNG
Ремни и ролики,remni-ford,/upload/iblock/3d5/bu59tzncfs0zdjqrv3hw9pn9nhbbta2i/s-l1600.jpg
Карданный вал,kardannyy-val-ford,/upload/iblock/8e7/dabet3xy3g9q9gy5ntjpo8lp1mab0m7f.PNG
Зубчатые ремни,zubchatye-remni-remni-ford,/upload/iblock/176/ckd9zj5661p8oan1ult9u80sdxxx1fjb/s-l1600.jpg
Капоты и сопутствующие детали,kapoty-i-soputstvuyuschie-detali-kuzov-ford,/upload/iblock/f6d/i6ger2vi3x0xc009ltvq8q98jkdk4ehk.PNG
Клапан электронной форсунки,klapan-elektronnoy-forsunki-sistema-toplivnaya-ford,/upload/iblock/16e/1brf3d682hqjkr4eyur2sptou6uodccr/delphi-28239294-tp6f81df.jpg
"Клапана,направляющие,пружины",klapana-napravlyayuschie-pruzhiny-dvigatel-ford,/upload/iblock/980/h1ss382076405xkmetmp01so3uifi000.PNG
Клапанная крышка,klapannaya-kryshka-dvigatel-ford,/upload/iblock/cfe/mo07ocfhysf5gsu9ilwy3maem7hg2moa.png
Клиновидные ремни,klinovidnye-remni-remni-ford,/upload/iblock/fa5/bd5d20357q5ctgesau2rl0el031zzc4r/600x800.webp
Коленвал,kolenval-dvigatel-ford,/upload/iblock/5e9/vzylci427yokptrp7w0kcg9g43p5032s.png
Кольца поршневые,kolca-porshnevye-dvigatel-ford,/upload/iblock/7ce/owlwzjvu570hfjld9aqcmbktcizk4a1q.png
Комплект прокладок,komplekt-prokladok-dvigatel-ford,/upload/iblock/831/h11d2kjudl2xr1sjnta4co1rzw2tr0vx.png
Комплект распредвалов,komplekt-raspredvalov-dvigatel-ford,/upload/iblock/7a7/2rs14qles7eofom3pptkuc7isop0omon.png
Комплект сцепления,komplekt-scepleniya-sceplenie-ford,/upload/iblock/316/eujwxxwxc0dhvwoa7qivzysiplnlwm7a.PNG
Комплект сцепления + маховик,komplekt-scepleniya---mahovik-elektrooborudovanie-ford,/upload/iblock/5b4/6azlcypqf2lu1j86ri6lulk8fu80su8m.PNG
Комплекты Цепей ГРМ,komplekty-cepey-grm-dvigatel-ford,/upload/iblock/1c0/flhpgjfl3be2upxv4onixdk2v6tieqeu.png
Компоненты двигателя,komponenty-dvigatelya-dvigatel-ford,/upload/iblock/042/iihwzr9yv82a46za1l71gc4663ml7gfa.png
Компоненты стартера,komponenty-startera-startery-i-ih-komponenty-ford,/upload/iblock/17f/3iyq82qcip1yid7a6jzz11xikt8parq1.PNG
Компоненты сцепления,komponenty-scepleniya-sceplenie-ford,/upload/iblock/4d2/44i94x9z9zm9hpbzek4rnu0ypcydsklv.png
Корзины сцепления,korziny-scepleniya-sceplenie-ford,/upload/iblock/39e/8wdcoatvprytjhbranju4v6y9a1rs3rh.PNG
Крепление щеток,kreplenie-schetok-startery-i-ih-komponenty-ford,/upload/iblock/bf2/cl4o1dsqzi17frhkmyiea7vyrf4u2whv.PNG
Крыльчатки вентиляторов,krylchatki-ventilyatorov-sistema-ohlazhdeniya-ford,/upload/iblock/43c/rhceyaw70hl4c3mhl5mt4om67q66vks2/загружено (1).jpg
К-т болтов головки,k-t-boltov-golovki-dvigatel-ford,/upload/iblock/614/f2zl7v44n6h74vvj8371tt1lerbu53h6.png
К-т ГРМ с роликами,k-t-grm-s-rolikami-remni-ford,/upload/iblock/e4f/8itgdsxmy9o7l7l3thgcpw79kd33ko9w/677725.745.jpg
К-т ремней генератора,k-t-remney-generatora-remni-ford,/upload/iblock/850/jecz6p7id3ccdczewejszho1ykopk5rp/677725.745.jpg
Личинки / К-т замков (личинок),lichinki---k-t-zamkov--lichinok-kuzov-ford,/upload/iblock/f31/oz0nibfhx66jqhirjfjxzxcjd6obqcbe/Снимок.PNG
Маслонасос и система смазки,maslonasos-i-sistema-smazki-dvigatel-ford,/upload/iblock/68a/7lzmzi3iobhy9ngri73j9zvw28lz0w9f.png
Маховик,mahovik-sceplenie-ford,/upload/iblock/978/y3m916chsdmcmso1rs468o46g1dtt4ns.PNG
Натяжители сцепления,natyazhiteli-scepleniya-sceplenie-ford,/upload/iblock/158/kquv0unfo082d27jlbgt7a48w2fik9qs.PNG
Опоры и подушки двигателя,opory-i-podushki-dvigatelya-dvigatel-ford,/upload/iblock/6ab/5qlajksx5kjd297a2lpihd5nzlrz1icr.png
Патрубок воздушного фильтра,patrubok-vozdushnogo-filtra-dvigatel-ford,/upload/iblock/b73/lau3dvkmxd2cp1yu60b26fbzy74d8iea.png
Редуктор и привода,reduktor-i-privoda-ford,/upload/iblock/4ba/pakcxb2ustekw4kfjt0ojey8s4oum2xp.PNG
Подвесной подшипник полуоси,podvesnoy-podshipnik-poluosi-reduktor-i-privoda-ford,/upload/iblock/340/bgno36gqnpk3bmts6v00wfcbzggoehy3/2.jpg
Поддон ДВС,poddon-dvs-dvigatel-ford,/upload/iblock/2ce/5xpxwqsc4zn6zhkfs11sob9gw7646bz4.png
Подшипники редуктора,podshipniki-reduktora-reduktor-i-privoda-ford,/upload/iblock/d56/2fa2o02f7rb9eyvis0fu6fdnepf3pmb7/1.jpg
Полуоси,poluosi-reduktor-i-privoda-ford,/upload/iblock/f89/5bp4b6qbo3rgx40d2d64l58uzxhvqyf8/11.jpg
Поршень ДВС,porshen-dvs-dvigatel-ford,/upload/iblock/b1b/s74i1ox133ci9n6vricwmpnlfhhcuiv3.png
Прокладка Крышки двигателя,prokladka-kryshki-dvigatelya-dvigatel-ford,/upload/iblock/d03/7xpwzjcj5a20gfmagj9ean7r7u4x61p1.png
Прокладка под головку,prokladka-pod-golovku-dvigatel-ford,/upload/iblock/3db/l2m31g49fjbxj35bcbb3bk6884fz4o99.png
Прокладки впускного колектора,prokladki-vpusknogo-kolektora-dvigatel-ford,/upload/iblock/30c/tn4kyn820ba54lcbio2pe80xepk2xytu.png
Прокладки Кл. крышки,prokladki-kl--kryshki-dvigatel-ford,/upload/iblock/65b/uw5bes7ofo9nyw1wgxzekqyluoscb4t3.png
Рабочий цилиндр сцепления,rabochiy-cilindr-scepleniya-sceplenie-ford,/upload/iblock/e81/t3dw7efu17n52yti6gs6bhe2z71sbxsj.PNG
Расходомер,rashodomer-sistema-toplivnaya-ford,/upload/iblock/e17/bdwwrul4ca5igj1as0zpxhis9h1asrt8/25.png
Регулятор холостого хода,regulyator-h-h-sistema-toplivnaya-ford,/upload/iblock/c54/9q7opxi7emcqs1bong4mkst8p9xv40ta/21.png
Ролики ДВС (ГРМ + генераторные),roliki-dvs-dvigatel-ford,/upload/iblock/5d1/zv778085a9vpm9047ldcy9ii7zex453b/600x800.webp
Ручейковые ремни 7PK,rucheykovye-remni-remni-ford,/upload/iblock/e69/ijqftygvs94xzecu4074e7dkbil0d24y/677725.745.jpg
Свечи,svechi-ford,/upload/iblock/455/60iwwonobh3ydru05y4kxyrf518ipjqd.PNG
Стартеры в сборе,startery-v-sbore-startery-i-ih-komponenty-ford,/upload/iblock/88e/ptctb7gn7c15cdkngjglymf3yf9huw82.PNG
Топливные насосы / Датчики бензобака (уровня топлива),toplivnye-nasosy-sistema-toplivnaya-ford,/upload/iblock/55d/1h9ggmttyaiab30vh5cbv268zj8y2oz4/470440.745.jpg
Топливные фильтра,toplivnye-filtra-filtry-ford,/upload/iblock/b5f/73jjy91b9iqf8euh5y2n70plzcoa7a0g/toplivnuy.jpg
Тросики сцепления,trosiki-scepleniya-sceplenie-ford,/upload/iblock/b72/h3n8kifyz62nppjqj62cxiygoy481565.PNG
"Фильтр АКПП, ГУР, раздатки и пр.",filtr-akpp--gur--razdatki-i-pr-filtry-ford,/upload/iblock/7e5/bfkka8079tdyhoa5xmu2qja8snrh2uid/toplivnuy.jpg
Фильтр масляный,filtr-maslyanyy-filtry-ford,/upload/iblock/3e8/hhso48bvios7pdvuf7it97jooeuaak1z/toplivnuy.jpg
Фильтр салона,filtr-salona-filtry-ford,/upload/iblock/6e5/92nsr3eghm852mo82el97b8ru3k2yvdb/toplivnuy.jpg
Форсунки и распылители,forsunki-i-raspyliteli-sistema-toplivnaya-ford,/upload/iblock/fb1/64yzg11fa15t0giw0y1t2uln2ofyzpqo/images.jpeg
Шестерни стартера,shesterni-startera-startery-i-ih-komponenty-ford,/upload/iblock/249/r0czskwgo4cezhxc49n0m56hld3lps1m.PNG
Щётки стартера,schetki-startera-startery-i-ih-komponenty-ford,/upload/iblock/0b1/a267fztbm74k2e036im04tj71ny4fzxe.PNG
"Антифриз, вода дистиллированная",antifriz--voda-distillirovannaya-antifriz--voda-distillirovannaya-masla_i_avtokhimiya,/upload/iblock/c12/5p44yaaocxgh8gp5ek9gl7nnl55v1y0c/715Tr985oKL._AC_SX425_.jpg
Ручейковые ремни 6PK,rucheykovye_remni_6pk,/upload/iblock/fd2/fa66b4xqczgvni5dc2wydw00iamu79wq/677725.745.jpg
Ручейковые ремни 5PK,rucheykovye_remni_5pk,/upload/iblock/f0d/9j7yfzoe3b47xyc64rz1ho2w72qg230y/677725.745.jpg
Ручейковые ремни 4PK,rucheykovye_remni_4pk,/upload/iblock/27a/27bn2rl090ys6xk6tjxwlc6483xszvnh/677725.745.jpg
HAVAL,haval,/upload/iblock/394/oe2vnmprkl6smc728lttyxcd5b0rpc35/загружено.png
Маслянный радиаторы,maslyannyy_radiatory,/upload/iblock/e51/xk5g2odgxsgfmj4tgcwj1593otvhvmxq/470440.745.jpg
Картридж турбины,kartridzh_turbiny,/upload/iblock/ea4/15mxi2h60zsvl6dwej50bm3pc6jb0ifh/загружено.jpg
TRW,trw,/upload/iblock/121/rk2wef48sah1oqvby0h949n1a8snstds/загружено.png
VALEO,valeo,/upload/iblock/0d6/zdekwjgcnytdvh1nmi3sx6gu51z8kqv2/загружено.png
SACHS,sachs,/upload/iblock/efe/7aadfnl1jdxy2qzi8anlpw254iqu0w2b/загружено.png
